TEAM_ID,FG_PCT_AVG,FG3_PCT_AVG,FT_PCT_AVG,SEASON_WINS,TEAM_NAME
100,54.5730311355311,58.8942307692308,80.2083333333333,2.0,Pacers
200,29.027149321267,37.5,69.7916666666667,0.0,Wizards
300,50.2232142857143,55.0480769230769,60.4166666666667,1.0,Celtics
